-- Insert additional values into branch
use jnubank;

INSERT INTO branch (branch_name, branch_city, assets) VALUES
('Uttara', 'Dhaka', 6000000),
('Mirpur', 'Dhaka', 5500000),
('Mohammadpur', 'Dhaka', 5200000),
('Tejgaon', 'Dhaka', 5000000),
('Bashundhara', 'Dhaka', 7500000),
('Chawkbazar', 'Chattogram', 4800000),
('Panchlaish', 'Chattogram', 4700000),
('Sylhet_Sadar', 'Sylhet', 3500000),
('Moulvibazar', 'Sylhet', 2900000),
('Pabna_Central', 'Pabna', 2700000),
('Jessore_Town', 'Jessore', 3200000),
('Jhalokathi_Main', 'Jhalokathi', 2600000),
('Faridpur_Point', 'Faridpur', 2800000),
('Mymensingh_City', 'Mymensingh', 3100000),
('Narayanganj_Central', 'Narayanganj', 4100000),
('Noakhali_Square', 'Noakhali', 3400000),
('CoxsBazar_Main', 'Cox’s Bazar', 2900000),
('Feni_Town', 'Feni', 3000000),
('Magura_Branch', 'Magura', 2500000),
('Tangail_City', 'Tangail', 2800000);

-- Insert additional values into customer
INSERT INTO customer (customer_name, customer_street, customer_city) VALUES
('Arif Hossain', 'Uttara', 'Dhaka'),
('Mahfuz Ahmed', 'Mirpur DOHS', 'Dhaka'),
('Zarin Akter', 'Shyamoli', 'Dhaka'),
('Shahidul Islam', 'Tejgaon Industrial Area', 'Dhaka'),
('Sabbir Hossain', 'Bashundhara R/A', 'Dhaka'),
('Taslima Begum', 'Anderkilla', 'Chattogram'),
('Faysal Karim', 'Mehedibag', 'Chattogram'),
('Nayeem Khan', 'Zindabazar', 'Sylhet'),
('Anika Rahman', 'Srimangal', 'Sylhet'),
('Nasir Uddin', 'Pabna Sadar', 'Pabna'),
('Jahirul Islam', 'Monihar', 'Jessore'),
('Aminul Hoque', 'Kathalia', 'Jhalokathi'),
('Tanvir Ahsan', 'Komorpur', 'Faridpur'),
('Sharif Uddin', 'Shombhugonj', 'Mymensingh'),
('Kamrul Hassan', 'Fatullah', 'Narayanganj'),
('Rifat Mahmud', 'Maijdee', 'Noakhali'),
('Saiful Islam', 'Laboni Beach', 'Cox’s Bazar'),
('Jamil Chowdhury', 'Trunk Road', 'Feni'),
('Rubel Mia', 'Notun Bazar', 'Magura'),
('Habib Ullah', 'Elenga', 'Tangail');

-- Insert additional values into loan
INSERT INTO loan (loan_number, branch_name, amount) VALUES
(111, 'Uttara', 160000),
(112, 'Mirpur', 210000),
(113, 'Mohammadpur', 125000),
(114, 'Tejgaon', 90000),
(115, 'Bashundhara', 75000),
(116, 'Chawkbazar', 100000),
(117, 'Panchlaish', 80000),
(118, 'Sylhet_Sadar', 130000),
(119, 'Moulvibazar', 95000),
(120, 'Pabna_Central', 110000),
(121, 'Jessore_Town', 87000),
(122, 'Jhalokathi_Main', 120000),
(123, 'Faridpur_Point', 70000),
(124, 'Mymensingh_City', 105000),
(125, 'Narayanganj_Central', 99000),
(126, 'Noakhali_Square', 85000),
(127, 'CoxsBazar_Main', 72000),
(128, 'Feni_Town', 88000),
(129, 'Magura_Branch', 65000),
(130, 'Tangail_City', 78000);

-- Insert additional values into borrower
INSERT INTO borrower (customer_name, loan_number) VALUES
('Arif Hossain', 111),
('Mahfuz Ahmed', 112),
('Zarin Akter', 113),
('Shahidul Islam', 114),
('Sabbir Hossain', 115),
('Taslima Begum', 116),
('Faysal Karim', 117),
('Nayeem Khan', 118),
('Anika Rahman', 119),
('Nasir Uddin', 120),
('Jahirul Islam', 121),
('Aminul Hoque', 122),
('Tanvir Ahsan', 123),
('Sharif Uddin', 124),
('Kamrul Hassan', 125),
('Rifat Mahmud', 126),
('Saiful Islam', 127),
('Jamil Chowdhury', 128),
('Rubel Mia', 129),
('Habib Ullah', 130);

-- Insert additional values into account
INSERT INTO account (account_number, branch_name, balance) VALUES
('A1011', 'Uttara', 55000),
('A1012', 'Mirpur', 80000),
('A1013', 'Mohammadpur', 65000),
('A1014', 'Tejgaon', 50000),
('A1015', 'Bashundhara', 78000),
('A1016', 'Chawkbazar', 45000),
('A1017', 'Panchlaish', 50000),
('A1018', 'Sylhet_Sadar', 67000),
('A1019', 'Moulvibazar', 46000),
('A1020', 'Pabna_Central', 52000),
('A1021', 'Jessore_Town', 41000),
('A1022', 'Jhalokathi_Main', 47000),
('A1023', 'Faridpur_Point', 33000),
('A1024', 'Mymensingh_City', 49000),
('A1025', 'Narayanganj_Central', 55000),
('A1026', 'Noakhali_Square', 42000),
('A1027', 'CoxsBazar_Main', 37000),
('A1028', 'Feni_Town', 43000),
('A1029', 'Magura_Branch', 39000),
('A1030', 'Tangail_City', 45000);

-- Insert additional values into depositor
INSERT INTO depositor (customer_name, account_number) VALUES
('Arif Hossain', 'A1011'),
('Mahfuz Ahmed', 'A1012'),
('Zarin Akter', 'A1013'),
('Shahidul Islam', 'A1014'),
('Sabbir Hossain', 'A1015'),
('Taslima Begum', 'A1016'),
('Faysal Karim', 'A1017'),
('Nayeem Khan', 'A1018'),
('Anika Rahman', 'A1019'),
('Nasir Uddin', 'A1020'),
('Jahirul Islam', 'A1021'),
('Aminul Hoque', 'A1022'),
('Tanvir Ahsan', 'A1023'),
('Sharif Uddin', 'A1024'),
('Kamrul Hassan', 'A1025'),
('Rifat Mahmud', 'A1026'),
('Saiful Islam', 'A1027'),
('Jamil Chowdhury', 'A1028'),
('Rubel Mia', 'A1029'),
('Habib Ullah', 'A1030');
