use jnubank;

-- Insert additional values into branch
INSERT ignore INTO branch (branch_name, branch_city, assets) VALUES
('Banani', 'Dhaka', 6200000),
('Mohakhali', 'Dhaka', 5300000),
('Shahbagh', 'Dhaka', 5000000),
('KawranBazar', 'Dhaka', 6500000),
('Rampura', 'Dhaka', 4800000),
('Kotwali', 'Chattogram', 4500000),
('Halishahar', 'Chattogram', 4200000),
('Bayezid', 'Chattogram', 4600000),
('Fenchuganj', 'Sylhet', 3000000),
('Beanibazar', 'Sylhet', 2800000),
('Ishwardi', 'Pabna', 3100000),
('Bagerhat_Central', 'Bagerhat', 3300000),
('Kushtia_Town', 'Kushtia', 3500000),
('Chuadanga_Main', 'Chuadanga', 2700000),
('Shariatpur_Point', 'Shariatpur', 2900000),
('Patuakhali_Branch', 'Patuakhali', 3200000),
('Sunamganj_City', 'Sunamganj', 3000000),
('Gaibandha_Town', 'Gaibandha', 2500000),
('Barguna_Square', 'Barguna', 2400000),
('Lalmonirhat_Main', 'Lalmonirhat', 2600000),
('Thakurgaon_City', 'Thakurgaon', 2800000),
('Nilphamari_Point', 'Nilphamari', 2700000),
('Meherpur_Town', 'Meherpur', 2500000),
('Madaripur_Branch', 'Madaripur', 2600000),
('Munshiganj_Central', 'Munshiganj', 2900000),
('Bhola_Town', 'Bhola', 3100000),
('Sherpur_Main', 'Sherpur', 3000000),
('Netrokona_Branch', 'Netrokona', 2800000),
('Habiganj_Square', 'Habiganj', 2600000),
('Jamalpur_City', 'Jamalpur', 2700000);

-- Insert additional values into customer
INSERT ignore INTO customer (customer_name, customer_street, customer_city) VALUES
('Shakib Rahman', 'Banani', 'Dhaka'),
('Rashed Ahmed', 'Mohakhali', 'Dhaka'),
('Tamanna Jahan', 'Shahbagh', 'Dhaka'),
('Mizanur Rahman', 'Kawran Bazar', 'Dhaka'),
('Mafruha Akter', 'Rampura', 'Dhaka'),
('Alamin Hossain', 'Kotwali', 'Chattogram'),
('Nafis Hasan', 'Halishahar', 'Chattogram'),
('Ayesha Siddique', 'Bayezid', 'Chattogram'),
('Habib Ullah Ahsan', 'Fenchuganj', 'Sylhet'),
('Mim Akter', 'Beanibazar', 'Sylhet'),
('Arman Hossain', 'Ishwardi', 'Pabna'),
('Rezaul Karim', 'Bagerhat Sadar', 'Bagerhat'),
('Jamal Uddin', 'Kushtia Town', 'Kushtia'),
('Sabbir Hasan', 'Chuadanga Main Road', 'Chuadanga'),
('Rafiq Mia', 'Shariatpur Town', 'Shariatpur'),
('Tania Akter', 'Patuakhali Sadar', 'Patuakhali'),
('Moinul Islam', 'Sunamganj Sadar', 'Sunamganj'),
('Shohag Hossain', 'Gaibandha Town', 'Gaibandha'),
('Sazzad Hossain', 'Barguna City', 'Barguna'),
('Fahim Chowdhury', 'Lalmonirhat Town', 'Lalmonirhat'),
('Nazmul Islam', 'Thakurgaon Sadar', 'Thakurgaon'),
('Imrul Kayes', 'Nilphamari City', 'Nilphamari'),
('Nayem Hasan', 'Meherpur Sadar', 'Meherpur'),
('Farhana Akter', 'Madaripur Town', 'Madaripur'),
('Nasim Khan', 'Munshiganj Center', 'Munshiganj'),
('Aminul Hoque', 'Bhola Sadar', 'Bhola'),
('Sultana Jahan', 'Sherpur City', 'Sherpur'),
('Anisur Rahman', 'Netrokona Town', 'Netrokona'),
('Rizwan Karim', 'Habiganj City', 'Habiganj'),
('Shahid Hasan', 'Jamalpur Sadar', 'Jamalpur');

-- Insert additional values into loan
INSERT INTO loan (loan_number, branch_name, amount) VALUES
(131, 'Banani', 170000),
(132, 'Mohakhali', 180000),
(133, 'Shahbagh', 145000),
(134, 'KawranBazar', 160000),
(135, 'Rampura', 125000),
(136, 'Kotwali', 110000),
(137, 'Halishahar', 100000),
(138, 'Bayezid', 135000),
(139, 'Fenchuganj', 95000),
(140, 'Beanibazar', 115000),
(141, 'Ishwardi', 98000),
(142, 'Bagerhat_Central', 102000),
(143, 'Kushtia_Town', 89000),
(144, 'Chuadanga_Main', 108000),
(145, 'Shariatpur_Point', 87000),
(146, 'Patuakhali_Branch', 90000),
(147, 'Sunamganj_City', 75000),
(148, 'Gaibandha_Town', 88000),
(149, 'Barguna_Square', 77000),
(150, 'Lalmonirhat_Main', 93000),
(151, 'Thakurgaon_City', 95000),
(152, 'Nilphamari_Point', 91000),
(153, 'Meherpur_Town', 85000),
(154, 'Madaripur_Branch', 82000),
(155, 'Munshiganj_Central', 88000),
(156, 'Bhola_Town', 92000),
(157, 'Sherpur_Main', 86000),
(158, 'Netrokona_Branch', 97000),
(159, 'Habiganj_Square', 94000),
(160, 'Jamalpur_City', 99000);

-- Insert additional values into borrower
INSERT INTO borrower (customer_name, loan_number) VALUES
('Shakib Rahman', 131),
('Rashed Ahmed', 132),
('Tamanna Jahan', 133),
('Mizanur Rahman', 134),
('Mafruha Akter', 135),
('Alamin Hossain', 136),
('Nafis Hasan', 137),
('Ayesha Siddique', 138),
('Habib Ullah', 139),
('Mim Akter', 140),
('Arman Hossain', 141),
('Rezaul Karim', 142),
('Jamal Uddin', 143),
('Sabbir Hasan', 144),
('Rafiq Mia', 145),
('Tania Akter', 146),
('Moinul Islam', 147),
('Shohag Hossain', 148),
('Sazzad Hossain', 149),
('Fahim Chowdhury', 150),
('Nazmul Islam', 151),
('Imrul Kayes', 152),
('Nayem Hasan', 153),
('Farhana Akter', 154),
('Nasim Khan', 155),
('Aminul Hoque', 156),
('Sultana Jahan', 157),
('Anisur Rahman', 158),
('Rizwan Karim', 159),
('Shahid Hasan', 160);
